{"cameraMode":{"drawMode":0,"name":"Shaded","section":"Shading Mode"},"sceneLighting":true,"audioPlay":false,"sceneViewState":{"m_AlwaysRefresh":false,"showFog":true,"showSkybox":true,"showFlares":true,"showImageEffects":true,"showParticleSystems":true,"showVisualEffectGraphs":true,"m_FxEnabled":true},"in2DMode":false,"pivot":{"x":47.969024658203128,"y":4.226158618927002,"z":107.66240692138672},"rotation":{"x":-0.22770139575004579,"y":0.02832437865436077,"z":-0.006648963317275047,"w":-0.9733262658119202},"size":84.56006622314453,"orthographic":false}